"","sales","year","month","Date","day","factor","normsales","month.name"
"1",4254,"1992",1,"1992-1-01",1992-01-01,0.904,3845.616,"Jan"
"2",4342,"1992",2,"1992-2-01",1992-02-01,0.9,3907.8,"Feb"
"3",4330,"1992",3,"1992-3-01",1992-03-01,0.96,4156.8,"Mar"
"4",4359,"1992",4,"1992-4-01",1992-04-01,0.95,4141.05,"April"
"5",4331,"1992",5,"1992-5-01",1992-05-01,0.987,4274.697,"May"
"6",4401,"1992",6,"1992-6-01",1992-06-01,0.99,4356.99,"June"
"7",4368,"1992",7,"1992-7-01",1992-07-01,1.009,4407.312,"July"
"8",4372,"1992",8,"1992-8-01",1992-08-01,1.017,4446.324,"Aug"
"9",4345,"1992",9,"1992-9-01",1992-09-01,0.996,4327.62,"Sep"
"10",4299,"1992",10,"1992-10-01",1992-10-01,1.046,4496.754,"Oct"
"11",4368,"1992",11,"1992-11-01",1992-11-01,1.073,4686.864,"Nov"
"12",4428,"1992",12,"1992-12-01",1992-12-01,1.194,5287.032,"Dec"
"13",4637,"1993",1,"1993-1-01",1993-01-01,0.885,4103.745,"Jan"
"14",4507,"1993",2,"1993-2-01",1993-02-01,0.867,3907.569,"Feb"
"15",4463,"1993",3,"1993-3-01",1993-03-01,0.979,4369.277,"Mar"
"16",4564,"1993",4,"1993-4-01",1993-04-01,0.958,4372.312,"April"
"17",4642,"1993",5,"1993-5-01",1993-05-01,0.977,4535.234,"May"
"18",4609,"1993",6,"1993-6-01",1993-06-01,0.991,4567.519,"June"
"19",4640,"1993",7,"1993-7-01",1993-07-01,1.009,4681.76,"July"
"20",4645,"1993",8,"1993-8-01",1993-08-01,1.019,4733.255,"Aug"
"21",4640,"1993",9,"1993-9-01",1993-09-01,0.996,4621.44,"Sep"
"22",4663,"1993",10,"1993-10-01",1993-10-01,1.024,4774.912,"Oct"
"23",4693,"1993",11,"1993-11-01",1993-11-01,1.099,5157.607,"Nov"
"24",4693,"1993",12,"1993-12-01",1993-12-01,1.2,5631.6,"Dec"
"25",4571,"1994",1,"1994-1-01",1994-01-01,0.879,4017.909,"Jan"
"26",4775,"1994",2,"1994-2-01",1994-02-01,0.867,4139.925,"Feb"
"27",4910,"1994",3,"1994-3-01",1994-03-01,0.983,4826.53,"Mar"
"28",4916,"1994",4,"1994-4-01",1994-04-01,0.956,4699.696,"April"
"29",4971,"1994",5,"1994-5-01",1994-05-01,0.979,4866.609,"May"
"30",5018,"1994",6,"1994-6-01",1994-06-01,0.988,4957.784,"June"
"31",5046,"1994",7,"1994-7-01",1994-07-01,0.987,4980.402,"July"
"32",5165,"1994",8,"1994-8-01",1994-08-01,1.037,5356.105,"Aug"
"33",5177,"1994",9,"1994-9-01",1994-09-01,1.005,5202.885,"Sep"
"34",5260,"1994",10,"1994-10-01",1994-10-01,1.013,5328.38,"Oct"
"35",5199,"1994",11,"1994-11-01",1994-11-01,1.103,5734.497,"Nov"
"36",5254,"1994",12,"1994-12-01",1994-12-01,1.2,6304.8,"Dec"
"37",5265,"1995",1,"1995-1-01",1995-01-01,0.883,4648.995,"Jan"
"38",5081,"1995",2,"1995-2-01",1995-02-01,0.868,4410.308,"Feb"
"39",5130,"1995",3,"1995-3-01",1995-03-01,0.991,5083.83,"Mar"
"40",5181,"1995",4,"1995-4-01",1995-04-01,0.93,4818.33,"April"
"41",5216,"1995",5,"1995-5-01",1995-05-01,0.996,5195.136,"May"
"42",5217,"1995",6,"1995-6-01",1995-06-01,0.996,5196.132,"June"
"43",5318,"1995",7,"1995-7-01",1995-07-01,0.976,5190.368,"July"
"44",5304,"1995",8,"1995-8-01",1995-08-01,1.038,5505.552,"Aug"
"45",5407,"1995",9,"1995-9-01",1995-09-01,1.002,5417.814,"Sep"
"46",5429,"1995",10,"1995-10-01",1995-10-01,1.014,5505.006,"Oct"
"47",5516,"1995",11,"1995-11-01",1995-11-01,1.104,6089.664,"Nov"
"48",5445,"1995",12,"1995-12-01",1995-12-01,1.177,6408.765,"Dec"
"49",5302,"1996",1,"1996-1-01",1996-01-01,0.903,4787.706,"Jan"
"50",5346,"1996",2,"1996-2-01",1996-02-01,0.904,4832.784,"Feb"
"51",5566,"1996",3,"1996-3-01",1996-03-01,0.972,5410.152,"Mar"
"52",5595,"1996",4,"1996-4-01",1996-04-01,0.949,5309.655,"April"
"53",5586,"1996",5,"1996-5-01",1996-05-01,1.003,5602.758,"May"
"54",5678,"1996",6,"1996-6-01",1996-06-01,0.965,5479.27,"June"
"55",5696,"1996",7,"1996-7-01",1996-07-01,0.996,5673.216,"July"
"56",5655,"1996",8,"1996-8-01",1996-08-01,1.042,5892.51,"Aug"
"57",5762,"1996",9,"1996-9-01",1996-09-01,0.97,5589.14,"Sep"
"58",5779,"1996",10,"1996-10-01",1996-10-01,1.033,5969.707,"Oct"
"59",5768,"1996",11,"1996-11-01",1996-11-01,1.114,6425.552,"Nov"
"60",5746,"1996",12,"1996-12-01",1996-12-01,1.172,6734.312,"Dec"
"61",5823,"1997",1,"1997-1-01",1997-01-01,0.912,5310.576,"Jan"
"62",5847,"1997",2,"1997-2-01",1997-02-01,0.875,5116.125,"Feb"
"63",5916,"1997",3,"1997-3-01",1997-03-01,0.966,5714.856,"Mar"
"64",5968,"1997",4,"1997-4-01",1997-04-01,0.95,5669.6,"April"
"65",6004,"1997",5,"1997-5-01",1997-05-01,1.001,6010.004,"May"
"66",6034,"1997",6,"1997-6-01",1997-06-01,0.962,5804.708,"June"
"67",6039,"1997",7,"1997-7-01",1997-07-01,0.998,6026.922,"July"
"68",6146,"1997",8,"1997-8-01",1997-08-01,1.019,6262.774,"Aug"
"69",6162,"1997",9,"1997-9-01",1997-09-01,0.989,6094.218,"Sep"
"70",6154,"1997",10,"1997-10-01",1997-10-01,1.035,6369.39,"Oct"
"71",6267,"1997",11,"1997-11-01",1997-11-01,1.082,6780.894,"Nov"
"72",6290,"1997",12,"1997-12-01",1997-12-01,1.201,7554.29,"Dec"
"73",6377,"1998",1,"1998-1-01",1998-01-01,0.913,5822.201,"Jan"
"74",6342,"1998",2,"1998-2-01",1998-02-01,0.88,5580.96,"Feb"
"75",6340,"1998",3,"1998-3-01",1998-03-01,0.972,6162.48,"Mar"
"76",6369,"1998",4,"1998-4-01",1998-04-01,0.948,6037.812,"April"
"77",6359,"1998",5,"1998-5-01",1998-05-01,0.979,6225.461,"May"
"78",6426,"1998",6,"1998-6-01",1998-06-01,0.982,6310.332,"June"
"79",6447,"1998",7,"1998-7-01",1998-07-01,1.003,6466.341,"July"
"80",6444,"1998",8,"1998-8-01",1998-08-01,1.009,6501.996,"Aug"
"81",6419,"1998",9,"1998-9-01",1998-09-01,0.986,6329.134,"Sep"
"82",6504,"1998",10,"1998-10-01",1998-10-01,1.029,6692.616,"Oct"
"83",6666,"1998",11,"1998-11-01",1998-11-01,1.078,7185.948,"Nov"
"84",6687,"1998",12,"1998-12-01",1998-12-01,1.211,8097.957,"Dec"
"85",6617,"1999",1,"1999-1-01",1999-01-01,0.895,5922.215,"Jan"
"86",6767,"1999",2,"1999-2-01",1999-02-01,0.886,5995.562,"Feb"
"87",6831,"1999",3,"1999-3-01",1999-03-01,0.994,6790.014,"Mar"
"88",6794,"1999",4,"1999-4-01",1999-04-01,0.954,6481.476,"April"
"89",6884,"1999",5,"1999-5-01",1999-05-01,0.971,6684.364,"May"
"90",6986,"1999",6,"1999-6-01",1999-06-01,0.981,6853.266,"June"
"91",6954,"1999",7,"1999-7-01",1999-07-01,1.001,6960.954,"July"
"92",7147,"1999",8,"1999-8-01",1999-08-01,1.013,7239.911,"Aug"
"93",7292,"1999",9,"1999-9-01",1999-09-01,0.979,7138.868,"Sep"
"94",7324,"1999",10,"1999-10-01",1999-10-01,1.002,7338.648,"Oct"
"95",7272,"1999",11,"1999-11-01",1999-11-01,1.101,8006.472,"Nov"
"96",7246,"1999",12,"1999-12-01",1999-12-01,1.226,8883.596,"Dec"
"97",7484,"2000",1,"2000-1-01",2000-01-01,0.887,6638.308,"Jan"
"98",7548,"2000",2,"2000-2-01",2000-02-01,0.926,6989.448,"Feb"
"99",7599,"2000",3,"2000-3-01",2000-03-01,1.003,7621.797,"Mar"
"100",7729,"2000",4,"2000-4-01",2000-04-01,0.923,7133.867,"April"
"101",7673,"2000",5,"2000-5-01",2000-05-01,0.995,7634.635,"May"
"102",7593,"2000",6,"2000-6-01",2000-06-01,0.986,7486.698,"June"
"103",7748,"2000",7,"2000-7-01",2000-07-01,0.969,7507.812,"July"
"104",7682,"2000",8,"2000-8-01",2000-08-01,1.038,7973.916,"Aug"
"105",7665,"2000",9,"2000-9-01",2000-09-01,0.983,7534.695,"Sep"
"106",7737,"2000",10,"2000-10-01",2000-10-01,0.991,7667.367,"Oct"
"107",7580,"2000",11,"2000-11-01",2000-11-01,1.101,8345.58,"Nov"
"108",7160,"2000",12,"2000-12-01",2000-12-01,1.206,8634.96,"Dec"
"109",7764,"2001",1,"2001-1-01",2001-01-01,0.908,7049.712,"Jan"
"110",7611,"2001",2,"2001-2-01",2001-02-01,0.893,6796.623,"Feb"
"111",7549,"2001",3,"2001-3-01",2001-03-01,1.003,7571.647,"Mar"
"112",7560,"2001",4,"2001-4-01",2001-04-01,0.918,6940.08,"April"
"113",7559,"2001",5,"2001-5-01",2001-05-01,0.999,7551.441,"May"
"114",7613,"2001",6,"2001-6-01",2001-06-01,0.984,7491.192,"June"
"115",7671,"2001",7,"2001-7-01",2001-07-01,0.972,7456.212,"July"
"116",7628,"2001",8,"2001-8-01",2001-08-01,1.045,7971.26,"Aug"
"117",7419,"2001",9,"2001-9-01",2001-09-01,0.954,7077.726,"Sep"
"118",7543,"2001",10,"2001-10-01",2001-10-01,1.008,7603.344,"Oct"
"119",7694,"2001",11,"2001-11-01",2001-11-01,1.111,8548.034,"Nov"
"120",7869,"2001",12,"2001-12-01",2001-12-01,1.198,9427.062,"Dec"
"121",7847,"2002",1,"2002-1-01",2002-01-01,0.911,7148.617,"Jan"
"122",7932,"2002",2,"2002-2-01",2002-02-01,0.894,7091.208,"Feb"
"123",7936,"2002",3,"2002-3-01",2002-03-01,0.98,7777.28,"Mar"
"124",7874,"2002",4,"2002-4-01",2002-04-01,0.936,7370.064,"April"
"125",7959,"2002",5,"2002-5-01",2002-05-01,1.004,7990.836,"May"
"126",7831,"2002",6,"2002-6-01",2002-06-01,0.958,7502.098,"June"
"127",7741,"2002",7,"2002-7-01",2002-07-01,0.991,7671.331,"July"
"128",7837,"2002",8,"2002-8-01",2002-08-01,1.047,8205.339,"Aug"
"129",7832,"2002",9,"2002-9-01",2002-09-01,0.952,7456.064,"Sep"
"130",7789,"2002",10,"2002-10-01",2002-10-01,1.009,7859.101,"Oct"
"131",7963,"2002",11,"2002-11-01",2002-11-01,1.11,8838.93,"Nov"
"132",7927,"2002",12,"2002-12-01",2002-12-01,1.202,9528.254,"Dec"
"133",7824,"2003",1,"2003-1-01",2003-01-01,0.919,7190.256,"Jan"
"134",7501,"2003",2,"2003-2-01",2003-02-01,0.895,6713.395,"Feb"
"135",7854,"2003",3,"2003-3-01",2003-03-01,0.97,7618.38,"Mar"
"136",7895,"2003",4,"2003-4-01",2003-04-01,0.934,7373.93,"April"
"137",8062,"2003",5,"2003-5-01",2003-05-01,1.002,8078.124,"May"
"138",8084,"2003",6,"2003-6-01",2003-06-01,0.959,7752.556,"June"
"139",8115,"2003",7,"2003-7-01",2003-07-01,0.995,8074.425,"July"
"140",8156,"2003",8,"2003-8-01",2003-08-01,1.028,8384.368,"Aug"
"141",8214,"2003",9,"2003-9-01",2003-09-01,0.976,8016.864,"Sep"
"142",8244,"2003",10,"2003-10-01",2003-10-01,1.013,8351.172,"Oct"
"143",8358,"2003",11,"2003-11-01",2003-11-01,1.079,9018.282,"Nov"
"144",8312,"2003",12,"2003-12-01",2003-12-01,1.223,10165.576,"Dec"
"145",8307,"2004",1,"2004-1-01",2004-01-01,0.921,7650.747,"Jan"
"146",8375,"2004",2,"2004-2-01",2004-02-01,0.909,7612.875,"Feb"
"147",8585,"2004",3,"2004-3-01",2004-03-01,0.99,8499.15,"Mar"
"148",8519,"2004",4,"2004-4-01",2004-04-01,0.938,7990.822,"April"
"149",8389,"2004",5,"2004-5-01",2004-05-01,0.967,8112.163,"May"
"150",8572,"2004",6,"2004-6-01",2004-06-01,0.985,8443.42,"June"
"151",8868,"2004",7,"2004-7-01",2004-07-01,1.003,8894.604,"July"
"152",8675,"2004",8,"2004-8-01",2004-08-01,1.024,8883.2,"Aug"
"153",8604,"2004",9,"2004-9-01",2004-09-01,0.981,8440.524,"Sep"
"154",8806,"2004",10,"2004-10-01",2004-10-01,0.99,8717.94,"Oct"
"155",8722,"2004",11,"2004-11-01",2004-11-01,1.1,9594.2,"Nov"
"156",8905,"2004",12,"2004-12-01",2004-12-01,1.226,10917.53,"Dec"
"157",8856,"2005",1,"2005-1-01",2005-01-01,0.893,7908.408,"Jan"
"158",8908,"2005",2,"2005-2-01",2005-02-01,0.895,7972.66,"Feb"
"159",8840,"2005",3,"2005-3-01",2005-03-01,0.994,8786.96,"Mar"
"160",8994,"2005",4,"2005-4-01",2005-04-01,0.936,8418.384,"April"
"161",8963,"2005",5,"2005-5-01",2005-05-01,0.965,8649.295,"May"
"162",9093,"2005",6,"2005-6-01",2005-06-01,0.986,8965.698,"June"
"163",9084,"2005",7,"2005-7-01",2005-07-01,0.986,8956.824,"July"
"164",9193,"2005",8,"2005-8-01",2005-08-01,1.045,9606.685,"Aug"
"165",9244,"2005",9,"2005-9-01",2005-09-01,0.997,9216.268,"Sep"
"166",9315,"2005",10,"2005-10-01",2005-10-01,0.978,9110.07,"Oct"
"167",9319,"2005",11,"2005-11-01",2005-11-01,1.098,10232.262,"Nov"
"168",9260,"2005",12,"2005-12-01",2005-12-01,1.22,11297.2,"Dec"
"169",9561,"2006",1,"2006-1-01",2006-01-01,0.899,8595.339,"Jan"
"170",9439,"2006",2,"2006-2-01",2006-02-01,0.896,8457.344,"Feb"
"171",9431,"2006",3,"2006-3-01",2006-03-01,0.998,9412.138,"Mar"
"172",9402,"2006",4,"2006-4-01",2006-04-01,0.91,8555.82,"April"
"173",9368,"2006",5,"2006-5-01",2006-05-01,0.983,9208.744,"May"
"174",9485,"2006",6,"2006-6-01",2006-06-01,0.996,9447.06,"June"
"175",9442,"2006",7,"2006-7-01",2006-07-01,0.979,9243.718,"July"
"176",9422,"2006",8,"2006-8-01",2006-08-01,1.055,9940.21,"Aug"
"177",9549,"2006",9,"2006-9-01",2006-09-01,0.996,9510.804,"Sep"
"178",9375,"2006",10,"2006-10-01",2006-10-01,0.979,9178.125,"Oct"
"179",9311,"2006",11,"2006-11-01",2006-11-01,1.095,10195.545,"Nov"
"180",9334,"2006",12,"2006-12-01",2006-12-01,1.184,11051.456,"Dec"
"181",9609,"2007",1,"2007-1-01",2007-01-01,0.916,8801.844,"Jan"
"182",9369,"2007",2,"2007-2-01",2007-02-01,0.899,8422.731,"Feb"
"183",9406,"2007",3,"2007-3-01",2007-03-01,1.001,9415.406,"Mar"
"184",9430,"2007",4,"2007-4-01",2007-04-01,0.907,8553.01,"April"
"185",9331,"2007",5,"2007-5-01",2007-05-01,0.993,9265.683,"May"
"186",9264,"2007",6,"2007-6-01",2007-06-01,0.99,9171.36,"June"
"187",9315,"2007",7,"2007-7-01",2007-07-01,0.987,9193.905,"July"
"188",9300,"2007",8,"2007-8-01",2007-08-01,1.061,9867.3,"Aug"
"189",9141,"2007",9,"2007-9-01",2007-09-01,0.972,8885.052,"Sep"
"190",9142,"2007",10,"2007-10-01",2007-10-01,0.992,9068.864,"Oct"
"191",9094,"2007",11,"2007-11-01",2007-11-01,1.101,10012.494,"Nov"
"192",9009,"2007",12,"2007-12-01",2007-12-01,1.164,10486.476,"Dec"
"193",8873,"2008",1,"2008-1-01",2008-01-01,0.92,8163.16,"Jan"
"194",8594,"2008",2,"2008-2-01",2008-02-01,0.943,8104.142,"Feb"
"195",8631,"2008",3,"2008-3-01",2008-03-01,0.971,8380.701,"Mar"
"196",8606,"2008",4,"2008-4-01",2008-04-01,0.933,8029.398,"April"
"197",8587,"2008",5,"2008-5-01",2008-05-01,1.002,8604.174,"May"
"198",8473,"2008",6,"2008-6-01",2008-06-01,0.958,8117.134,"June"
"199",8369,"2008",7,"2008-7-01",2008-07-01,1.015,8494.535,"July"
"200",8154,"2008",8,"2008-8-01",2008-08-01,1.037,8455.698,"Aug"
"201",7722,"2008",9,"2008-9-01",2008-09-01,0.994,7675.668,"Sep"
"202",7735,"2008",10,"2008-10-01",2008-10-01,0.997,7711.795,"Oct"
"203",7640,"2008",11,"2008-11-01",2008-11-01,1.063,8121.32,"Nov"
"204",7460,"2008",12,"2008-12-01",2008-12-01,1.188,8862.48,"Dec"
"205",7363,"2009",1,"2009-1-01",2009-01-01,0.923,6796.049,"Jan"
"206",7285,"2009",2,"2009-2-01",2009-02-01,0.905,6592.925,"Feb"
"207",7041,"2009",3,"2009-3-01",2009-03-01,0.981,6907.221,"Mar"
"208",7067,"2009",4,"2009-4-01",2009-04-01,0.935,6607.645,"April"
"209",7087,"2009",5,"2009-5-01",2009-05-01,0.984,6973.608,"May"
"210",7092,"2009",6,"2009-6-01",2009-06-01,0.976,6921.792,"June"
"211",7039,"2009",7,"2009-7-01",2009-07-01,1.022,7193.858,"July"
"212",6991,"2009",8,"2009-8-01",2009-08-01,1.024,7158.784,"Aug"
"213",6981,"2009",9,"2009-9-01",2009-09-01,0.998,6967.038,"Sep"
"214",6915,"2009",10,"2009-10-01",2009-10-01,0.991,6852.765,"Oct"
"215",6991,"2009",11,"2009-11-01",2009-11-01,1.055,7375.505,"Nov"
"216",7024,"2009",12,"2009-12-01",2009-12-01,1.196,8400.704,"Dec"
"217",7011,"2010",1,"2010-1-01",2010-01-01,0.902,6323.922,"Jan"
"218",7123,"2010",2,"2010-2-01",2010-02-01,0.908,6467.684,"Feb"
"219",7235,"2010",3,"2010-3-01",2010-03-01,1.005,7271.175,"Mar"
"220",7121,"2010",4,"2010-4-01",2010-04-01,0.945,6729.345,"April"
"221",7117,"2010",5,"2010-5-01",2010-05-01,0.974,6931.958,"May"
"222",7072,"2010",6,"2010-6-01",2010-06-01,0.976,6902.272,"June"
"223",7094,"2010",7,"2010-7-01",2010-07-01,1.021,7242.974,"July"
"224",7130,"2010",8,"2010-8-01",2010-08-01,1.028,7329.64,"Aug"
"225",7108,"2010",9,"2010-9-01",2010-09-01,0.999,7100.892,"Sep"
"226",7039,"2010",10,"2010-10-01",2010-10-01,0.965,6792.635,"Oct"
"227",7104,"2010",11,"2010-11-01",2010-11-01,1.074,7629.696,"Nov"
"228",7062,"2010",12,"2010-12-01",2010-12-01,1.201,8481.462,"Dec"
"229",6992,"2011",1,"2011-1-01",2011-01-01,0.893,6243.856,"Jan"
"230",7145,"2011",2,"2011-2-01",2011-02-01,0.908,6487.66,"Feb"
"231",7397,"2011",3,"2011-3-01",2011-03-01,1.018,7530.146,"Mar"
"232",7321,"2011",4,"2011-4-01",2011-04-01,0.942,6896.382,"April"
"233",7245,"2011",5,"2011-5-01",2011-05-01,0.978,7085.61,"May"
"234",7227,"2011",6,"2011-6-01",2011-06-01,0.974,7039.098,"June"
"235",7263,"2011",7,"2011-7-01",2011-07-01,0.997,7241.211,"July"
"236",7333,"2011",8,"2011-8-01",2011-08-01,1.048,7684.984,"Aug"
"237",7384,"2011",9,"2011-9-01",2011-09-01,1.009,7450.456,"Sep"
"238",7303,"2011",10,"2011-10-01",2011-10-01,0.954,6967.062,"Oct"
"239",7385,"2011",11,"2011-11-01",2011-11-01,1.074,7931.49,"Nov"
"240",7530,"2011",12,"2011-12-01",2011-12-01,1.199,9028.47,"Dec"
"241",7637,"2012",1,"2012-1-01",2012-01-01,0.899,6865.663,"Jan"
"242",7627,"2012",2,"2012-2-01",2012-02-01,0.94,7169.38,"Feb"
"243",7587,"2012",3,"2012-3-01",2012-03-01,1.026,7784.262,"Mar"
"244",7510,"2012",4,"2012-4-01",2012-04-01,0.915,6871.65,"April"
"245",7645,"2012",5,"2012-5-01",2012-05-01,1.005,7683.225,"May"
"246",7552,"2012",6,"2012-6-01",2012-06-01,0.977,7378.304,"June"
"247",7650,"2012",7,"2012-7-01",2012-07-01,0.987,7550.55,"July"
"248",7600,"2012",8,"2012-8-01",2012-08-01,1.061,8063.6,"Aug"
"249",7614,"2012",9,"2012-9-01",2012-09-01,0.977,7438.878,"Sep"
"250",7416,"2012",10,"2012-10-01",2012-10-01,0.979,7260.264,"Oct"
"251",7641,"2012",11,"2012-11-01",2012-11-01,1.081,8259.921,"Nov"
"252",7959,"2012",12,"2012-12-01",2012-12-01,1.158,9216.522,"Dec"
"253",7906,"2013",1,"2013-1-01",2013-01-01,0.923,7297.238,"Jan"
"254",7850,"2013",2,"2013-2-01",2013-02-01,0.903,7088.55,"Feb"
"255",7851,"2013",3,"2013-3-01",2013-03-01,1.003,7874.553,"Mar"
"256",7814,"2013",4,"2013-4-01",2013-04-01,0.936,7313.904,"April"
"257",7733,"2013",5,"2013-5-01",2013-05-01,1.013,7833.529,"May"
"258",7956,"2013",6,"2013-6-01",2013-06-01,0.95,7558.2,"June"
"259",7937,"2013",7,"2013-7-01",2013-07-01,1.005,7976.685,"July"
"260",7982,"2013",8,"2013-8-01",2013-08-01,1.06,8460.92,"Aug"
"261",8041,"2013",9,"2013-9-01",2013-09-01,0.976,7848.016,"Sep"
"262",8140,"2013",10,"2013-10-01",2013-10-01,0.99,8058.6,"Oct"
"263",8202,"2013",11,"2013-11-01",2013-11-01,1.078,8841.756,"Nov"
"264",7913,"2013",12,"2013-12-01",2013-12-01,1.162,9194.906,"Dec"
"265",7751,"2014",1,"2014-1-01",2014-01-01,0.929,7200.679,"Jan"
"266",8048,"2014",2,"2014-2-01",2014-02-01,0.898,7227.104,"Feb"
"267",8186,"2014",3,"2014-3-01",2014-03-01,0.99,8104.14,"Mar"
"268",8297,"2014",4,"2014-4-01",2014-04-01,0.939,7790.883,"April"
"269",8276,"2014",5,"2014-5-01",2014-05-01,1.013,8383.588,"May"
"270",8287,"2014",6,"2014-6-01",2014-06-01,0.951,7880.937,"June"
"271",8312,"2014",7,"2014-7-01",2014-07-01,1.011,8403.432,"July"
"272",8447,"2014",8,"2014-8-01",2014-08-01,1.034,8734.198,"Aug"
"273",8396,"2014",9,"2014-9-01",2014-09-01,0.997,8370.812,"Sep"
"274",8407,"2014",10,"2014-10-01",2014-10-01,1.004,8440.628,"Oct"
"275",8524,"2014",11,"2014-11-01",2014-11-01,1.05,8950.2,"Nov"
"276",8656,"2014",12,"2014-12-01",2014-12-01,1.182,10231.392,"Dec"
"277",8619,"2015",1,"2015-1-01",2015-01-01,0.924,7963.956,"Jan"
"278",8424,"2015",2,"2015-2-01",2015-02-01,0.892,7514.208,"Feb"
"279",8677,"2015",3,"2015-3-01",2015-03-01,0.993,8616.261,"Mar"
"280",8788,"2015",4,"2015-4-01",2015-04-01,0.94,8260.72,"April"
"281",8965,"2015",5,"2015-5-01",2015-05-01,0.992,8893.28,"May"
"282",8796,"2015",6,"2015-6-01",2015-06-01,0.975,8576.1,"June"
"283",8940,"2015",7,"2015-7-01",2015-07-01,1.019,9109.86,"July"
"284",8977,"2015",8,"2015-8-01",2015-08-01,1.019,9147.563,"Aug"
"285",8958,"2015",9,"2015-9-01",2015-09-01,1.001,8966.958,"Sep"
"286",9036,"2015",10,"2015-10-01",2015-10-01,1.008,9108.288,"Oct"
"287",9036,"2015",11,"2015-11-01",2015-11-01,1.05,9487.8,"Nov"
"288",9227,"2015",12,"2015-12-01",2015-12-01,1.184,10924.768,"Dec"
"289",9093,"2016",1,"2016-1-01",2016-01-01,0.899,8174.607,"Jan"
"290",9134,"2016",2,"2016-2-01",2016-02-01,0.917,8375.878,"Feb"
"291",9085,"2016",3,"2016-3-01",2016-03-01,1.019,9257.615,"Mar"
"292",9068,"2016",4,"2016-4-01",2016-04-01,0.948,8596.464,"April"
"293",9116,"2016",5,"2016-5-01",2016-05-01,0.986,8988.376,"May"
"294",9262,"2016",6,"2016-6-01",2016-06-01,0.982,9095.284,"June"
"295",9194,"2016",7,"2016-7-01",2016-07-01,0.996,9157.224,"July"
"296",9172,"2016",8,"2016-8-01",2016-08-01,1.04,9538.88,"Aug"
"297",9376,"2016",9,"2016-9-01",2016-09-01,1.013,9497.888,"Sep"
"298",9225,"2016",10,"2016-10-01",2016-10-01,0.977,9012.825,"Oct"
"299",9186,"2016",11,"2016-11-01",2016-11-01,1.078,9902.508,"Nov"
"300",9111,"2016",12,"2016-12-01",2016-12-01,1.186,10805.646,"Dec"
"301",9307,"2017",1,"2017-1-01",2017-01-01,0.887,8255.309,"Jan"
"302",9322,"2017",2,"2017-2-01",2017-02-01,0.882,8222.004,"Feb"
"303",9373,"2017",3,"2017-3-01",2017-03-01,1.027,9626.071,"Mar"
"304",9266,"2017",4,"2017-4-01",2017-04-01,0.924,8561.784,"April"
"305",9329,"2017",5,"2017-5-01",2017-05-01,1.007,9394.303,"May"
"306",9381,"2017",6,"2017-6-01",2017-06-01,0.995,9334.095,"June"
"307",9347,"2017",7,"2017-7-01",2017-07-01,0.985,9206.795,"July"
"308",9420,"2017",8,"2017-8-01",2017-08-01,1.043,9825.06,"Aug"
"309",9368,"2017",9,"2017-9-01",2017-09-01,1.011,9471.048,"Sep"
"310",9614,"2017",10,"2017-10-01",2017-10-01,0.982,9440.948,"Oct"
"311",9719,"2017",11,"2017-11-01",2017-11-01,1.079,10486.801,"Nov"
"312",9723,"2017",12,"2017-12-01",2017-12-01,1.153,11210.619,"Dec"
"313",9619,"2018",1,"2018-1-01",2018-01-01,0.903,8685.957,"Jan"
"314",9686,"2018",2,"2018-2-01",2018-02-01,0.878,8504.308,"Feb"
"315",9753,"2018",3,"2018-3-01",2018-03-01,1.027,10016.331,"Mar"
"316",9941,"2018",4,"2018-4-01",2018-04-01,0.926,9205.366,"April"
"317",9802,"2018",5,"2018-5-01",2018-05-01,1.015,9949.03,"May"
"318",9810,"2018",6,"2018-6-01",2018-06-01,0.994,9751.14,"June"
"319",9848,"2018",7,"2018-7-01",2018-07-01,0.989,9739.672,"July"
"320",9732,"2018",8,"2018-8-01",2018-08-01,1.049,10208.868,"Aug"
"321",9729,"2018",9,"2018-9-01",2018-09-01,0.984,9573.336,"Sep"
"322",9739,"2018",10,"2018-10-01",2018-10-01,1.002,9758.478,"Oct"
"323",9706,"2018",11,"2018-11-01",2018-11-01,1.09,10579.54,"Nov"
"324",9660,"2018",12,"2018-12-01",2018-12-01,1.131,10925.46,"Dec"
"325",9535,"2019",1,"2019-1-01",2019-01-01,0.907,8648.245,"Jan"
"326",9651,"2019",2,"2019-2-01",2019-02-01,0.875,8444.625,"Feb"
"327",9787,"2019",3,"2019-3-01",2019-03-01,1.006,9845.722,"Mar"
"328",9853,"2019",4,"2019-4-01",2019-04-01,0.95,9360.35,"April"
"329",9872,"2019",5,"2019-5-01",2019-05-01,1.02,10069.44,"May"
"330",9895,"2019",6,"2019-6-01",2019-06-01,0.964,9538.78,"June"
"331",9895,"2019",7,"2019-7-01",2019-07-01,1.005,9944.475,"July"
"332",9862,"2019",8,"2019-8-01",2019-08-01,1.049,10345.238,"Aug"
"333",9999,"2019",9,"2019-9-01",2019-09-01,0.984,9839.016,"Sep"
"334",9916,"2019",10,"2019-10-01",2019-10-01,1.008,9995.328,"Oct"
"335",9937,"2019",11,"2019-11-01",2019-11-01,1.085,10781.645,"Nov"
"336",9746,"2019",12,"2019-12-01",2019-12-01,1.129,11003.234,"Dec"
"337",10139,"2020",1,"2020-1-01",2020-01-01,0.913,9256.907,"Jan"
"338",10133,"2020",2,"2020-2-01",2020-02-01,0.907,9190.631,"Feb"
"339",7897,"2020",3,"2020-3-01",2020-03-01,0.998,7881.206,"Mar"
"340",4034,"2020",4,"2020-4-01",2020-04-01,0.958,3864.572,"April"
"341",7143,"2020",5,"2020-5-01",2020-05-01,0.999,7135.857,"May"
"342",9930,"2020",6,"2020-6-01",2020-06-01,0.977,9701.61,"June"
"343",10022,"2020",7,"2020-7-01",2020-07-01,1.017,10192.374,"July"
"344",10233,"2020",8,"2020-8-01",2020-08-01,1.015,10386.495,"Aug"
"345",NA,"2020",9,"2020-9-01",2020-09-01,1.012,NA,"Sep"
"346",NA,"2020",10,"2020-10-01",2020-10-01,1.015,NA,"Oct"
"347",NA,"2020",11,"2020-11-01",2020-11-01,1.054,NA,"Nov"
"348",NA,"2020",12,"2020-12-01",2020-12-01,1.159,NA,"Dec"
