"","X","Date","Open","High","Low","Close","Volume","day"
"1",1,"01/05/1970",93.46,93.46,85.02,85.02,0,1970-01-05
"2",2,"02/02/1970",85.75,89.5,85.75,89.5,0,1970-02-02
"3",3,"03/02/1970",89.71,90.23,86.91,89.63,0,1970-03-02
"4",4,"04/01/1970",90.07,90.07,80.27,81.52,0,1970-04-01
"5",5,"05/01/1970",81.44,81.44,69.29,76.55,0,1970-05-01
"6",6,"06/01/1970",77.84,78.52,72.72,72.72,0,1970-06-01
"7",7,"07/01/1970",73.04,78.07,71.23,78.05,0,1970-07-01
"8",8,"08/03/1970",77.02,81.86,74.76,81.52,0,1970-08-03
"9",9,"09/01/1970",80.95,84.3,80.95,84.21,0,1970-09-01
"10",10,"10/01/1970",84.32,86.89,83.12,83.25,0,1970-10-01
"11",11,"11/02/1970",83.51,87.2,82.79,87.2,0,1970-11-02
"12",12,"12/01/1970",87.47,92.27,87.47,92.15,0,1970-12-01
"13",13,"01/04/1971",91.15,95.88,91.15,95.88,0,1971-01-04
"14",14,"02/01/1971",96.42,98.66,95.72,96.75,0,1971-02-01
"15",15,"03/01/1971",97,101.21,96.95,100.31,0,1971-03-01
"16",16,"04/01/1971",100.39,104.77,100.39,103.95,0,1971-04-01
"17",17,"05/03/1971",103.29,103.79,99.4,99.63,0,1971-05-03
"18",18,"06/01/1971",100.2,101.3,97.59,99.7,0,1971-06-01
"19",19,"07/01/1971",99.78,100.82,95.58,95.58,0,1971-07-01
"20",20,"08/02/1971",95.96,100.41,93.53,99.03,0,1971-08-02
"21",21,"09/01/1971",99.07,101.34,97.62,98.34,0,1971-09-01
"22",22,"10/01/1971",98.93,100.02,93.79,94.23,0,1971-10-01
"23",23,"11/01/1971",92.8,94.91,90.16,93.99,0,1971-11-01
"24",24,"12/01/1971",95.54,102.21,95.54,102.09,0,1971-12-01
"25",25,"01/03/1972",101.67,104.16,101.67,103.94,0,1972-01-03
"26",26,"02/01/1972",104.01,106.57,104.01,106.57,0,1972-02-01
"27",27,"03/01/1972",107.35,108.96,106.49,107.2,0,1972-03-01
"28",28,"04/03/1972",107.48,110.18,106.89,107.67,0,1972-04-03
"29",29,"05/01/1972",106.69,110.66,104.74,109.53,0,1972-05-01
"30",30,"06/01/1972",109.69,109.73,106.82,107.14,0,1972-06-01
"31",31,"07/03/1972",107.49,109.04,105.81,107.39,0,1972-07-03
"32",32,"08/01/1972",108.4,112.55,108.4,111.09,0,1972-08-01
"33",33,"09/01/1972",111.51,111.51,108.05,110.55,0,1972-09-01
"34",34,"10/02/1972",110.16,111.58,106.77,111.58,0,1972-10-02
"35",35,"11/01/1972",112.67,117.27,112.67,116.67,0,1972-11-01
"36",36,"12/01/1972",117.38,119.12,115.11,118.05,0,1972-12-01
"37",37,"01/02/1973",119.1,120.24,115.83,116.03,0,1973-01-02
"38",38,"02/01/1973",114.76,116.78,110.9,111.68,0,1973-02-01
"39",39,"03/01/1973",111.05,114.98,108.84,111.52,0,1973-03-01
"40",40,"04/02/1973",110.18,112.68,106.97,106.97,0,1973-04-02
"41",41,"05/01/1973",107.1,111.25,102.73,104.95,0,1973-05-01
"42",42,"06/01/1973",103.93,108.29,102.25,104.26,0,1973-06-01
"43",43,"07/02/1973",102.9,109.85,101.28,108.22,0,1973-07-02
"44",44,"08/01/1973",106.83,106.83,100.53,104.25,0,1973-08-01
"45",45,"09/04/1973",104.51,109.08,103.06,108.43,0,1973-09-04
"46",46,"10/01/1973",108.21,111.44,108.21,108.29,0,1973-10-01
"47",47,"11/01/1973",107.69,107.69,95.7,95.96,0,1973-11-01
"48",48,"12/03/1973",93.9,97.95,92.16,97.55,0,1973-12-03
"49",49,"01/02/1974",97.68,99.8,92.39,96.57,0,1974-01-02
"50",50,"02/01/1974",95.32,96.4,90.66,96.22,0,1974-02-01
"51",51,"03/01/1974",95.53,99.74,93.98,93.98,0,1974-03-01
"52",52,"04/01/1974",93.25,94.78,89.57,90.31,0,1974-04-01
"53",53,"05/01/1974",92.22,92.96,86.89,87.28,0,1974-05-01
"54",54,"06/03/1974",89.1,93.1,86,86,0,1974-06-03
"55",55,"07/01/1974",86.02,86.02,79.31,79.31,0,1974-07-01
"56",56,"08/01/1974",78.75,82.65,69.99,72.15,0,1974-08-01
"57",57,"09/03/1974",70.52,71.42,63.54,63.54,0,1974-09-03
"58",58,"10/01/1974",63.39,74.31,62.28,73.9,0,1974-10-01
"59",59,"11/01/1974",73.88,75.21,67.9,69.97,0,1974-11-01
"60",60,"12/02/1974",68.11,68.56,65.01,68.56,0,1974-12-02
"61",61,"01/02/1975",70.23,77.26,70.04,76.98,0,1975-01-02
"62",62,"02/03/1975",77.82,82.62,77.61,81.59,0,1975-02-03
"63",63,"03/03/1975",83.03,86.01,81.42,83.36,0,1975-03-03
"64",64,"04/01/1975",82.64,87.3,80.35,87.3,0,1975-04-01
"65",65,"05/01/1975",88.1,92.27,88.1,91.15,0,1975-05-01
"66",66,"06/02/1975",92.58,95.19,90.08,95.19,0,1975-06-02
"67",67,"07/01/1975",94.85,95.61,88.19,88.75,0,1975-07-01
"68",68,"08/01/1975",87.99,87.99,83.07,86.88,0,1975-08-01
"69",69,"09/02/1975",85.48,86.2,82.09,83.87,0,1975-09-02
"70",70,"10/01/1975",82.93,91.24,82.93,89.04,0,1975-10-01
"71",71,"11/03/1975",88.09,91.46,88.09,91.24,0,1975-11-03
"72",72,"12/01/1975",90.67,90.67,86.82,90.19,0,1975-12-01
"73",73,"01/02/1976",90.9,100.86,90.9,100.86,0,1976-01-02
"74",74,"02/02/1976",100.87,102.1,99.05,99.71,0,1976-02-02
"75",75,"03/01/1976",100.02,103.42,98.92,102.77,0,1976-03-01
"76",76,"04/01/1976",102.24,103.51,100.2,101.64,0,1976-04-01
"77",77,"05/03/1976",100.92,103.1,99.34,100.18,0,1976-05-03
"78",78,"06/01/1976",99.85,104.28,98.63,104.28,0,1976-06-01
"79",79,"07/01/1976",103.59,105.95,102.93,103.44,0,1976-07-01
"80",80,"08/02/1976",103.19,104.8,101.27,102.91,0,1976-08-02
"81",81,"09/01/1976",104.06,107.83,103.92,105.24,0,1976-09-01
"82",82,"10/01/1976",104.17,104.17,99.96,102.9,0,1976-10-01
"83",83,"11/01/1976",103.1,103.15,98.81,102.1,0,1976-11-01
"84",84,"12/01/1976",102.49,107.46,102.12,107.46,0,1976-12-01
"85",85,"01/03/1977",107,107,101.79,102.03,0,1977-01-03
"86",86,"02/01/1977",102.54,102.54,99.48,99.82,0,1977-02-01
"87",87,"03/01/1977",100.66,102.17,98.42,98.42,0,1977-03-01
"88",88,"04/01/1977",99.21,101.04,97.11,98.44,0,1977-04-01
"89",89,"05/02/1977",98.93,100.3,96.12,96.12,0,1977-05-02
"90",90,"06/01/1977",96.93,101.19,96.74,100.48,0,1977-06-01
"91",91,"07/01/1977",100.1,101.79,98.64,98.85,0,1977-07-01
"92",92,"08/01/1977",99.12,99.12,96.06,96.77,0,1977-08-01
"93",93,"09/01/1977",96.83,98.01,95.04,96.53,0,1977-09-01
"94",94,"10/03/1977",96.74,96.74,91,92.34,0,1977-10-03
"95",95,"11/01/1977",91.35,96.69,90.71,94.83,0,1977-11-01
"96",96,"12/01/1977",94.69,95.1,92.5,95.1,0,1977-12-01
"97",97,"01/03/1978",93.82,93.82,88.58,89.25,0,1978-01-03
"98",98,"02/01/1978",89.93,90.83,87.04,87.04,0,1978-02-01
"99",99,"03/01/1978",87.19,90.82,86.9,89.21,0,1978-03-01
"100",100,"04/03/1978",88.46,96.83,88.46,96.83,0,1978-04-03
"101",101,"05/01/1978",97.67,99.6,95.9,97.24,0,1978-05-01
"102",102,"06/01/1978",97.35,100.32,94.6,95.53,0,1978-06-01
"103",103,"07/03/1978",95.09,100.68,94.27,100.68,0,1978-07-03
"104",104,"08/01/1978",100.66,105.08,100.66,103.29,0,1978-08-01
"105",105,"09/01/1978",103.68,106.99,101.66,102.54,0,1978-09-01
"106",106,"10/02/1978",102.96,105.39,93.15,93.15,0,1978-10-02
"107",107,"11/01/1978",96.85,96.85,92.49,94.7,0,1978-11-01
"108",108,"12/01/1978",96.28,97.52,93.44,96.11,0,1978-12-01
"109",109,"01/02/1979",96.73,101.86,96.73,99.93,0,1979-01-02
"110",110,"02/01/1979",99.96,99.96,96.13,96.28,0,1979-02-01
"111",111,"03/01/1979",96.9,102.48,96.9,101.59,0,1979-03-01
"112",112,"04/02/1979",100.9,103.34,100.9,101.76,0,1979-04-02
"113",113,"05/01/1979",101.68,101.81,98.06,99.08,0,1979-05-01
"114",114,"06/01/1979",99.17,102.91,99.17,102.91,0,1979-06-01
"115",115,"07/02/1979",101.99,104.47,101.59,103.81,0,1979-07-02
"116",116,"08/01/1979",104.17,109.32,104.04,109.32,0,1979-08-01
"117",117,"09/04/1979",107.44,110.51,106.4,109.32,0,1979-09-04
"118",118,"10/01/1979",108.56,111.27,100,101.82,0,1979-10-01
"119",119,"11/01/1979",102.57,106.81,99.87,106.16,0,1979-11-01
"120",120,"12/03/1979",105.83,109.33,105.83,107.94,0,1979-12-03
"121",121,"01/02/1980",106.5,115.85,103.26,115.12,0,1980-01-02
"122",122,"02/01/1980",114.59,120.22,111.33,113.66,0,1980-02-01
"123",123,"03/03/1980",112.95,114.34,94.23,102.09,0,1980-03-03
"124",124,"04/01/1980",102.1,106.79,98.95,106.29,0,1980-04-01
"125",125,"05/01/1980",105.68,113.69,103.5,111.24,0,1980-05-01
"126",126,"06/02/1980",110.99,118.02,110.06,114.24,0,1980-06-02
"127",127,"07/01/1980",114.64,123.93,113.54,121.67,0,1980-07-01
"128",128,"08/01/1980",121.22,127.78,119.42,122.38,0,1980-08-01
"129",129,"09/02/1980",123.29,132.17,121.79,125.48,0,1980-09-02
"130",130,"10/01/1980",126.55,135.88,124.66,127.47,0,1980-10-01
"131",131,"11/03/1980",128.7,141.96,127.23,140.52,0,1980-11-03
"132",132,"12/01/1980",138.2,140.66,125.32,135.76,0,1980-12-01
"133",133,"01/02/1981",136.01,140.32,128.57,129.55,0,1981-01-02
"134",134,"02/02/1981",127.4,132.02,124.66,131.27,0,1981-02-02
"135",135,"03/02/1981",131.7,138.38,128.56,136,0,1981-03-02
"136",136,"04/01/1981",136.39,137.72,131.58,132.87,0,1981-04-01
"137",137,"05/01/1981",132.77,134.92,128.78,132.59,0,1981-05-01
"138",138,"06/01/1981",132.84,135.67,128.77,131.21,0,1981-06-01
"139",139,"07/01/1981",130.16,131.78,125.96,130.92,0,1981-07-01
"140",140,"08/03/1981",130.53,135.49,122.29,122.79,0,1981-08-03
"141",141,"09/01/1981",122.84,124.58,110.19,116.18,0,1981-09-01
"142",142,"10/01/1981",116.58,123.28,115,121.89,0,1981-10-01
"143",143,"11/02/1981",123.89,126.97,119.13,126.35,0,1981-11-02
"144",144,"12/01/1981",126.08,127.32,121.04,122.55,0,1981-12-01
"145",145,"01/04/1982",122.64,123.72,113.63,120.4,0,1982-01-04
"146",146,"02/01/1982",118.24,119.81,110.71,113.11,0,1982-02-01
"147",147,"03/01/1982",113.16,114.8,104.46,111.96,0,1982-03-01
"148",148,"04/01/1982",113.16,119.33,111.48,116.44,0,1982-04-01
"149",149,"05/03/1982",115.96,119.92,111.66,111.88,0,1982-05-03
"150",150,"06/01/1982",111.97,112.19,107.17,109.61,0,1982-06-01
"151",151,"07/01/1982",109.52,112.39,105.57,107.09,0,1982-07-01
"152",152,"08/02/1982",107.71,120.26,102.2,119.51,0,1982-08-02
"153",153,"09/01/1982",119.52,126.43,117.84,120.42,0,1982-09-01
"154",154,"10/01/1982",120.4,140.4,120.15,133.72,0,1982-10-01
"155",155,"11/01/1982",133.72,144.36,132.89,138.53,0,1982-11-01
"156",156,"12/01/1982",138.56,143.68,134.79,140.64,0,1982-12-01
"157",157,"01/03/1983",140.65,148.36,138.08,145.3,0,1983-01-03
"158",158,"02/01/1983",145.29,150.88,141.9,148.05,0,1983-02-01
"159",159,"03/01/1983",148.07,155.02,148.07,152.96,0,1983-03-01
"160",160,"04/04/1983",152.92,164.43,150.17,164.43,0,1983-04-04
"161",161,"05/02/1983",164.41,166.99,160.29,162.39,0,1983-05-02
"162",162,"06/01/1983",162.38,171.6,160.8,168.11,0,1983-06-01
"163",163,"07/01/1983",168.12,170.72,161.5,162.56,0,1983-07-01
"164",164,"08/01/1983",162.34,165.8,158.5,164.4,0,1983-08-01
"165",165,"09/01/1983",164.4,170.41,163.95,166.07,0,1983-09-01
"166",166,"10/03/1983",166.07,172.65,162.86,163.55,0,1983-10-03
"167",167,"11/01/1983",163.55,168.6,161.63,166.39,0,1983-11-01
"168",168,"12/01/1983",166.4,166.77,161.58,164.93,0,1983-12-01
"169",169,"01/03/1984",164.93,169.54,162.03,163.42,0,1984-01-03
"170",170,"02/01/1984",163.43,164,152.13,157.06,0,1984-02-01
"171",171,"03/01/1984",157.07,160.46,153.77,159.18,0,1984-03-01
"172",172,"04/02/1984",159.19,160.69,154.12,160.04,0,1984-04-02
"173",173,"05/01/1984",160.07,162.11,148.68,150.55,0,1984-05-01
"174",174,"06/01/1984",150.55,155.64,148.53,153.18,0,1984-06-01
"175",175,"07/02/1984",153.21,153.87,147.26,150.66,0,1984-07-02
"176",176,"08/01/1984",150.66,168.79,150.66,166.68,0,1984-08-01
"177",177,"09/04/1984",166.68,169.65,163.06,166.1,0,1984-09-04
"178",178,"10/01/1984",166.07,169.62,160.02,166.09,0,1984-10-01
"179",179,"11/01/1984",166.1,170.41,162.99,163.58,0,1984-11-01
"180",180,"12/03/1984",163.57,169.03,161.54,167.24,0,1984-12-03
"181",181,"01/02/1985",167.2,180.27,163.36,179.63,0,1985-01-02
"182",182,"02/01/1985",179.6,183.95,177.75,181.18,0,1985-02-01
"183",183,"03/01/1985",181.18,183.89,176.53,180.66,0,1985-03-01
"184",184,"04/01/1985",180.66,183.61,177.86,179.83,0,1985-04-01
"185",185,"05/01/1985",179.86,189.98,178.35,189.57,0,1985-05-01
"186",186,"06/03/1985",189.56,191.85,185.03,191.85,0,1985-06-03
"187",187,"07/01/1985",191.82,196.07,189.3,190.92,0,1985-07-01
"188",188,"08/01/1985",190.91,192.17,186.12,188.63,0,1985-08-01
"189",189,"09/03/1985",188.63,188.8,179.45,182.08,0,1985-09-03
"190",190,"10/01/1985",182.08,190.95,181.16,189.82,0,1985-10-01
"191",191,"11/01/1985",189.82,203.4,189.37,202.17,0,1985-11-01
"192",192,"12/02/1985",202.17,213.08,200.1,211.28,0,1985-12-02
"193",193,"01/02/1986",211.28,214.57,202.6,211.78,0,1986-01-02
"194",194,"02/03/1986",211.78,227.92,210.82,226.92,0,1986-02-03
"195",195,"03/03/1986",226.92,240.11,222.18,238.9,0,1986-03-03
"196",196,"04/01/1986",238.9,245.47,226.3,235.52,0,1986-04-01
"197",197,"05/01/1986",235.52,249.19,232.26,247.35,0,1986-05-01
"198",198,"06/02/1986",247.35,251.81,238.23,250.84,0,1986-06-02
"199",199,"07/01/1986",250.84,253.2,233.07,236.12,0,1986-07-01
"200",200,"08/01/1986",236.12,254.24,231.92,252.93,0,1986-08-01
"201",201,"09/02/1986",252.93,254.13,228.08,231.32,0,1986-09-02
"202",202,"10/01/1986",231.32,244.51,231.32,243.98,0,1986-10-01
"203",203,"11/03/1986",243.98,249.22,235.51,249.22,0,1986-11-03
"204",204,"12/01/1986",249.22,254.87,241.28,242.17,0,1986-12-01
"205",205,"01/02/1987",242.17,280.96,242.17,274.08,0,1987-01-02
"206",206,"02/02/1987",274.08,287.55,273.16,284.2,0,1987-02-02
"207",207,"03/02/1987",284.2,302.72,282.3,291.7,0,1987-03-02
"208",208,"04/01/1987",291.7,303.65,275.67,288.3599,0,1987-04-01
"209",209,"05/01/1987",288.3599,298.6899,277.0098,290.0999,0,1987-05-01
"210",210,"06/01/1987",290.0999,310.2698,286.9299,304,0,1987-06-01
"211",211,"07/01/1987",304,318.8499,302.5298,318.6599,0,1987-07-01
"212",212,"08/03/1987",318.6599,337.8899,314.5098,329.7998,0,1987-08-03
"213",213,"09/01/1987",329.7998,332.1799,308.5598,321.8298,0,1987-09-01
"214",214,"10/01/1987",321.8298,328.9399,216.46,251.79,0,1987-10-01
"215",215,"11/02/1987",251.79,257.21,225.78,230.3,0,1987-11-02
"216",216,"12/01/1987",230.3,253.35,221.24,247.08,0,1987-12-01
"217",217,"01/04/1988",247.08,261.7798,240.17,257.0698,0,1988-01-04
"218",218,"02/01/1988",257.0698,267.8198,247.82,267.8198,0,1988-02-01
"219",219,"03/01/1988",267.8198,272.6399,256.0698,258.8899,0,1988-03-01
"220",220,"04/04/1988",258.8899,272.0498,254.71,261.3298,0,1988-04-04
"221",221,"05/02/1988",261.3298,263.7,248.85,262.1599,0,1988-05-02
"222",222,"06/01/1988",262.1599,276.8799,262.0999,273.5,0,1988-06-01
"223",223,"07/01/1988",273.5,276.3599,262.48,272.0198,0,1988-07-01
"224",224,"08/01/1988",272.0198,274.2,256.5298,261.5198,0,1988-08-01
"225",225,"09/01/1988",261.5198,274.8699,256.98,271.9099,0,1988-09-01
"226",226,"10/03/1988",271.9099,283.95,268.8398,278.97,0,1988-10-03
"227",227,"11/01/1988",278.97,280.3699,262.8499,273.7,0,1988-11-01
"228",228,"12/01/1988",273.7,280.45,270.47,277.72,0,1988-12-01
"229",229,"01/03/1989",277.72,297.5098,273.8098,297.47,0,1989-01-03
"230",230,"02/01/1989",297.47,300.5698,286.2598,288.8599,0,1989-02-01
"231",231,"03/01/1989",288.8599,299.99,286.46,294.8699,0,1989-03-01
"232",232,"04/03/1989",294.8699,310.45,294.3499,309.6399,0,1989-04-03
"233",233,"05/01/1989",309.6399,323.0598,304.0598,320.5198,0,1989-05-01
"234",234,"06/01/1989",320.5198,329.1899,314.3799,317.98,0,1989-06-01
"235",235,"07/03/1989",317.98,346.0798,317.2598,346.0798,0,1989-07-03
"236",236,"08/01/1989",346.0798,352.73,339,351.45,0,1989-08-01
"237",237,"09/01/1989",351.45,354.1299,341.3699,349.1499,0,1989-09-01
"238",238,"10/02/1989",349.1499,360.4399,327.1199,340.3599,0,1989-10-02
"239",239,"11/01/1989",340.3599,346.5,330.9099,345.99,0,1989-11-01
"240",240,"12/01/1989",345.99,354.0999,339.6299,353.3999,0,1989-12-01
"241",241,"01/02/1990",353.3999,360.5898,319.8298,329.0798,0,1990-01-02
"242",242,"02/01/1990",329.0798,336.0898,322.0999,331.8899,0,1990-02-01
"243",243,"03/01/1990",331.8899,344.49,331.0798,339.9399,0,1990-03-01
"244",244,"04/02/1990",339.9399,347.2998,327.7598,330.7998,0,1990-04-02
"245",245,"05/01/1990",330.7998,362.2598,330.7998,361.23,0,1990-05-01
"246",246,"06/01/1990",361.23,368.7798,351.23,358.0198,0,1990-06-01
"247",247,"07/02/1990",358.0198,369.7798,350.0898,356.1499,0,1990-07-02
"248",248,"08/01/1990",356.1499,357.3499,306.1799,322.5598,0,1990-08-01
"249",249,"09/04/1990",322.5598,326.5298,295.98,306.0498,0,1990-09-04
"250",250,"10/01/1990",306.0498,319.6899,294.5098,304,0,1990-10-01
"251",251,"11/01/1990",304,323.0198,301.6099,322.22,0,1990-11-01
"252",252,"12/03/1990",322.22,333.98,321.97,330.22,0,1990-12-03
"253",253,"01/02/1991",330.22,343.9299,309.3499,343.9299,0,1991-01-02
"254",254,"02/01/1991",343.9299,370.96,340.3699,367.0698,0,1991-02-01
"255",255,"03/01/1991",367.0698,379.6599,363.73,375.22,0,1991-03-01
"256",256,"04/01/1991",375.22,391.2598,370.2698,375.3499,0,1991-04-01
"257",257,"05/01/1991",375.3499,389.8499,365.8298,389.8298,0,1991-05-01
"258",258,"06/03/1991",389.8298,389.8298,367.98,371.1599,0,1991-06-03
"259",259,"07/01/1991",371.1599,387.8098,370.9199,387.8098,0,1991-07-01
"260",260,"08/01/1991",387.8098,396.8198,374.0898,395.4299,0,1991-08-01
"261",261,"09/03/1991",395.4299,397.6199,382.7698,387.8599,0,1991-09-03
"262",262,"10/01/1991",387.8599,393.8098,376.1099,392.46,0,1991-10-01
"263",263,"11/01/1991",392.46,398.22,371.6299,375.22,0,1991-11-01
"264",264,"12/02/1991",375.22,418.3198,371.3599,417.0898,0,1991-12-02
"265",265,"01/02/1992",417.0898,421.1799,408.6399,408.7898,0,1992-01-02
"266",266,"02/03/1992",408.7898,418.0798,406.3398,412.7,0,1992-02-03
"267",267,"03/02/1992",412.7,413.7798,401.9399,403.6899,0,1992-03-02
"268",268,"04/01/1992",403.6899,416.2798,392.4099,414.95,0,1992-04-01
"269",269,"05/01/1992",414.95,418.75,409.8499,415.3499,0,1992-05-01
"270",270,"06/01/1992",415.3499,417.2998,399.9199,408.1399,0,1992-06-01
"271",271,"07/01/1992",408.1399,424.7998,407.2,424.21,0,1992-07-01
"272",272,"08/03/1992",424.21,425.1399,408.2998,414.0298,0,1992-08-03
"273",273,"09/01/1992",414.0298,425.2698,412.71,417.7998,0,1992-09-01
"274",274,"10/01/1992",417.7998,421.1599,396.7998,418.6799,0,1992-10-01
"275",275,"11/02/1992",418.6799,431.9299,415.5798,431.3499,0,1992-11-02
"276",276,"12/01/1992",431.3499,442.6499,428.6099,435.71,0,1992-12-01
"277",277,"01/04/1993",435.7,442.6599,426.8799,438.7798,0,1993-01-04
"278",278,"02/01/1993",438.79,450.0398,428.25,443.3799,0,1993-02-01
"279",279,"03/01/1993",443.3999,456.7598,441.0698,451.6699,0,1993-03-01
"280",280,"04/01/1993",451.6699,452.6299,432.2998,440.1899,0,1993-04-01
"281",281,"05/03/1993",440.1899,454.5498,436.8599,450.1899,0,1993-05-03
"282",282,"06/01/1993",450.23,455.6299,442.5,450.5298,0,1993-06-01
"283",283,"07/01/1993",450.54,451.1499,441.3999,448.1299,0,1993-07-01
"284",284,"08/02/1993",448.1399,463.5598,446.9399,463.5598,0,1993-08-02
"285",285,"09/01/1993",463.55,463.7998,449.6399,458.9299,0,1993-09-01
"286",286,"10/01/1993",458.9299,471.0999,456.3999,467.8298,0,1993-10-01
"287",287,"11/01/1993",467.8301,469.1099,454.3599,461.7898,0,1993-11-01
"288",288,"12/01/1993",461.9299,471.2898,455.45,466.45,0,1993-12-01
"289",289,"01/03/1994",466.51,482.8499,464.3599,481.6099,0,1994-01-03
"290",290,"02/01/1994",481.6001,482.23,464.2598,467.1399,0,1994-02-01
"291",291,"03/01/1994",467.1899,471.0898,436.1599,445.7698,0,1994-03-01
"292",292,"04/04/1994",445.6599,452.79,435.8599,450.9099,0,1994-04-04
"293",293,"05/02/1994",450.9099,457.7698,440.7798,456.5,84,1994-05-02
"294",294,"06/01/1994",456.5,463.23,439.8298,444.2698,113,1994-06-01
"295",295,"07/01/1994",444.27,459.3298,443.5798,458.2598,96,1994-07-01
"296",296,"08/01/1994",458.28,477.5898,456.0798,475.49,124,1994-08-01
"297",297,"09/01/1994",475.49,475.49,458.47,462.6899,118,1994-09-01
"298",298,"10/03/1994",462.6899,474.74,449.2698,472.3499,126,1994-10-03
"299",299,"11/01/1994",472.26,472.3501,444.1799,453.6899,122,1994-11-01
"300",300,"12/01/1994",453.55,462.73,442.8799,459.2698,116,1994-12-01
"301",301,"01/03/1995",459.21,471.3599,457.2,470.4199,126,1995-01-03
"302",302,"02/01/1995",470.4199,489.1899,469.2898,487.3899,120,1995-02-01
"303",303,"03/01/1995",487.3899,508.1499,479.7,500.71,149,1995-03-01
"304",304,"04/03/1995",500.7,515.2898,500.2,514.71,129,1995-04-03
"305",305,"05/01/1995",514.76,533.4099,513.0298,533.3999,154,1995-05-01
"306",306,"06/01/1995",533.3999,551.0698,526,544.75,150,1995-06-01
"307",307,"07/03/1995",544.75,565.3999,542.5098,562.0598,150,1995-07-03
"308",308,"08/01/1995",562.0601,565.6199,553.0398,561.8799,145,1995-08-01
"309",309,"09/01/1995",561.8799,587.6099,561.0098,584.4099,145,1995-09-01
"310",310,"10/02/1995",584.4099,590.6599,571.5498,581.5,168,1995-10-02
"311",311,"11/01/1995",581.5,608.6899,581.0398,605.3699,153,1995-11-01
"312",312,"12/01/1995",605.3701,622.8799,605.0498,615.9299,153,1995-12-01
"313",313,"01/02/1996",615.9299,636.1799,597.2898,636.0198,203,1996-01-02
"314",314,"02/01/1996",636.02,664.23,633.71,640.4299,183,1996-02-01
"315",315,"03/01/1996",640.4299,656.97,627.6299,645.5,188,1996-03-01
"316",316,"04/01/1996",645.5,656.6799,624.1399,654.1699,181,1996-04-01
"317",317,"05/01/1996",654.1699,681.0998,630.0698,669.1199,174,1996-05-01
"318",318,"06/03/1996",669.1199,680.3198,658.75,670.6299,152,1996-06-03
"319",319,"07/01/1996",670.6299,675.8799,605.8799,639.9499,183,1996-07-01
"320",320,"08/01/1996",639.9499,670.6799,639.49,651.99,148,1996-08-01
"321",321,"09/03/1996",651.99,690.8799,643.97,687.3098,164,1996-09-03
"322",322,"10/01/1996",687.3101,714.0998,684.4399,705.2698,199,1996-10-01
"323",323,"11/01/1996",705.27,762.1199,701.2998,757.0198,182,1996-11-01
"324",324,"12/02/1996",757.02,761.75,716.6899,740.74,185,1996-12-02
"325",325,"01/02/1997",740.74,794.6699,729.5498,786.1599,243,1997-01-02
"326",326,"02/03/1997",786.1599,817.6799,773.4299,790.8198,207,1997-02-03
"327",327,"03/03/1997",790.8201,814.8999,756.1299,757.1199,217,1997-03-03
"328",328,"04/01/1997",757.1201,804.1299,733.5398,801.3398,227,1997-04-01
"329",329,"05/01/1997",801.3401,851.8699,793.21,848.2798,221,1997-05-01
"330",330,"06/02/1997",848.28,902.0898,838.8198,885.1399,227,1997-06-02
"331",331,"07/01/1997",885.1399,957.73,884.5398,954.2898,259,1997-07-01
"332",332,"08/01/1997",954.29,964.1699,893.3398,899.47,242,1997-08-01
"333",333,"09/02/1997",899.47,960.5898,899.47,947.2798,243,1997-09-02
"334",334,"10/01/1997",950.9199,983.1199,855.2698,914.6199,315,1997-10-01
"335",335,"11/03/1997",914.6201,964.5498,900.6099,955.3999,222,1997-11-03
"336",336,"12/01/1997",955.3999,986.25,924.9199,970.4299,263,1997-12-01
"337",337,"01/02/1998",970.4299,992.6499,912.8298,980.2798,279,1998-01-02
"338",338,"02/02/1998",980.28,1051.6599,980.2798,1049.3398,253,1998-02-02
"339",339,"03/02/1998",1049.3401,1113.0701,1030.8699,1101.75,301,1998-03-02
"340",340,"04/01/1998",1101.75,1132.98,1076.6999,1111.75,295,1998-04-01
"341",341,"05/01/1998",1111.75,1130.52,1074.3899,1090.8198,248,1998-05-01
"342",342,"06/01/1998",1090.8201,1145.1499,1074.6699,1133.8398,299,1998-06-01
"343",343,"07/01/1998",1133.8401,1190.5801,1114.2998,1120.6699,327,1998-07-01
"344",344,"08/03/1998",1120.6699,1121.79,957.2798,957.2798,351,1998-08-03
"345",345,"09/01/1998",957.28,1066.1101,939.98,1017.0098,388,1998-09-01
"346",346,"10/01/1998",1017.01,1103.78,923.3198,1098.6699,442,1998-10-01
"347",347,"11/02/1998",1098.6699,1192.97,1098.6699,1163.6299,312,1998-11-02
"348",348,"12/01/1998",1163.6299,1244.9299,1136.8899,1229.23,337,1998-12-01
"349",349,"01/04/1999",1229.23,1280.3701,1205.46,1279.6399,392,1999-01-04
"350",350,"02/01/1999",1279.6399,1283.8401,1211.8899,1238.3298,359,1999-02-01
"351",351,"03/01/1999",1238.3301,1323.8201,1216.0298,1286.3699,438,1999-03-01
"352",352,"04/01/1999",1286.3701,1371.5601,1282.5598,1335.1799,457,1999-04-01
"353",353,"05/03/1999",1335.1799,1375.98,1277.3098,1301.8398,389,1999-05-03
"354",354,"06/01/1999",1301.8401,1372.9299,1277.47,1372.71,386,1999-06-01
"355",355,"07/01/1999",1372.71,1420.3301,1328.49,1328.72,374,1999-07-01
"356",356,"08/02/1999",1328.72,1382.8401,1267.73,1320.4099,400,1999-08-02
"357",357,"09/01/1999",1320.4099,1361.3501,1256.2598,1282.71,422,1999-09-01
"358",358,"10/01/1999",1282.71,1373.1699,1233.6999,1362.9299,492,1999-10-01
"359",359,"11/01/1999",1362.9299,1425.3101,1346.4099,1388.9099,475,1999-11-01
"360",360,"12/01/1999",1388.9099,1473.1299,1387.48,1469.25,516,1999-12-01
"361",361,"01/03/2000",1469.25,1478,1350.1399,1394.46,609,2000-01-03
"362",362,"02/01/2000",1394.46,1444.3799,1325.0198,1366.4199,565,2000-02-01
"363",363,"03/01/2000",1366.4199,1553.1101,1346.5,1498.5798,735,2000-03-01
"364",364,"04/03/2000",1498.5801,1527.1101,1339.3999,1452.4299,659,2000-04-03
"365",365,"05/01/2000",1452.4299,1481.4299,1361.1999,1420.5999,590,2000-05-01
"366",366,"06/01/2000",1420.6001,1488.98,1420.5999,1454.5999,604,2000-06-01
"367",367,"07/03/2000",1454.6001,1517.24,1414.1599,1430.8298,558,2000-07-03
"368",368,"08/01/2000",1430.8301,1525.3001,1426.0498,1517.6799,605,2000-08-01
"369",369,"09/01/2000",1517.6799,1530.01,1419.5398,1436.5098,667,2000-09-01
"370",370,"10/02/2000",1436.52,1454.8201,1305.7898,1429.3999,974,2000-10-02
"371",371,"11/01/2000",1429.3999,1438.46,1294.8999,1314.9499,736,2000-11-01
"372",372,"12/01/2000",1314.9499,1389.0501,1254.0698,1320.2798,761,2000-12-01
"373",373,"01/02/2001",1320.28,1383.3701,1274.6199,1366.0098,964,2001-01-02
"374",374,"02/01/2001",1366.01,1376.3799,1215.4399,1239.9399,820,2001-02-01
"375",375,"03/01/2001",1239.9399,1267.4199,1081.1899,1160.3298,1161,2001-03-01
"376",376,"04/02/2001",1160.3301,1269.3001,1091.99,1249.46,1052,2001-04-02
"377",377,"05/01/2001",1249.46,1315.9299,1232,1255.8198,811,2001-05-01
"378",378,"06/01/2001",1255.8201,1286.6201,1203.0298,1224.4199,768,2001-06-01
"379",379,"07/02/2001",1224.4199,1239.78,1165.5398,1211.23,754,2001-07-02
"380",380,"08/01/2001",1211.23,1226.27,1124.8699,1133.5798,742,2001-08-01
"381",381,"09/04/2001",1133.5801,1155.3999,944.75,1040.9399,849,2001-09-04
"382",382,"10/01/2001",1040.9399,1110.6101,1026.7598,1059.7798,1022,2001-10-01
"383",383,"11/01/2001",1059.78,1163.3799,1054.3098,1139.4499,902,2001-11-01
"384",384,"12/03/2001",1139.4499,1173.6201,1114.5,1148.0798,809,2001-12-03
"385",385,"01/02/2002",1148.0801,1176.97,1081.6599,1130.1999,963,2002-01-02
"386",386,"02/01/2002",1130.1999,1130.1999,1074.3599,1106.73,891,2002-02-01
"387",387,"03/01/2002",1106.73,1173.8899,1106.73,1147.3899,896,2002-03-01
"388",388,"04/01/2002",1147.3899,1147.75,1063.5598,1076.9199,975,2002-04-01
"389",389,"05/01/2002",1076.9199,1106.5901,1049.0598,1067.1399,946,2002-05-01
"390",390,"06/03/2002",1067.1399,1070.6599,953.0798,989.8198,985,2002-06-03
"391",391,"07/01/2002",989.8201,994.3501,775.96,911.6199,1280,2002-07-01
"392",392,"08/01/2002",911.6201,964.8401,833.4399,916.0698,952,2002-08-01
"393",393,"09/03/2002",916.0701,923.98,800.2598,815.2798,909,2002-09-03
"394",394,"10/01/2002",815.28,907.51,768.6699,885.7698,1232,2002-10-01
"395",395,"11/01/2002",885.76,941.8198,872.1599,936.3101,983,2002-11-01
"396",396,"12/02/2002",936.3101,954.3201,869.4299,879.8198,807,2002-12-02
"397",397,"01/02/2003",879.8201,935.0601,840.2798,855.6999,964,2003-01-02
"398",398,"02/03/2003",855.6999,864.6699,806.3198,841.1499,767,2003-02-03
"399",399,"03/03/2003",841.1499,895.8899,788.9399,848.1799,938,2003-03-03
"400",400,"04/01/2003",848.1799,924.24,847.9499,916.9199,909,2003-04-01
"401",401,"05/01/2003",916.9199,965.1101,812.3799,963.5898,963,2003-05-01
"402",402,"06/02/2003",971.1299,1015.26,963.5898,974.5,979,2003-06-02
"403",403,"07/01/2003",971.1699,1015.3601,962.1299,990.3098,935,2003-07-01
"404",404,"08/01/2003",988.22,1011.01,960.8398,1008.0098,745,2003-08-01
"405",405,"09/02/2003",1010.4499,1040.29,990.3599,995.97,903,2003-09-02
"406",406,"10/01/2003",1000.6001,1053.79,995.97,1050.71,971,2003-10-01
"407",407,"11/03/2003",1053.8501,1063.6499,1031.1999,1058.1999,745,2003-11-03
"408",408,"12/01/2003",1064.1001,1112.5601,1053.4099,1111.9199,814,2003-12-01
"409",409,"01/02/2004",1114.0501,1155.3799,1105.0798,1131.1299,973,2004-01-02
"410",410,"02/02/2004",1132.5801,1158.98,1124.4399,1144.9399,819,2004-02-02
"411",411,"03/01/2004",1148.9299,1163.23,1087.0598,1126.21,980,2004-03-01
"412",412,"04/01/2004",1128.1399,1150.5701,1107.23,1107.2998,882,2004-04-01
"413",413,"05/03/2004",1110.4499,1127.74,1076.3198,1120.6799,808,2004-05-03
"414",414,"06/01/2004",1118.02,1146.3401,1113.3198,1140.8398,771,2004-06-01
"415",415,"07/01/2004",1139.4499,1140.8401,1078.7798,1101.72,858,2004-07-01
"416",416,"08/02/2004",1098,1109.6799,1062.23,1104.24,760,2004-08-02
"417",417,"09/01/2004",1102.6699,1131.54,1099.1099,1114.5798,803,2004-09-01
"418",418,"10/01/2004",1120.27,1142.0501,1090.1899,1130.1999,914,2004-10-01
"419",419,"11/01/2004",1130.8799,1188.46,1127.5298,1173.8198,882,2004-11-01
"420",420,"12/01/2004",1177.1399,1217.3301,1173.7598,1211.9199,944,2004-12-01
"421",421,"01/03/2005",1215.8101,1217.8999,1163.75,1181.2698,972,2005-01-03
"422",422,"02/01/2005",1183.3401,1212.4399,1180.9499,1203.5999,868,2005-02-01
"423",423,"03/01/2005",1205.9499,1229.1101,1163.6899,1180.5898,1019,2005-03-01
"424",424,"04/01/2005",1186.53,1191.8799,1136.1499,1156.8499,1021,2005-04-01
"425",425,"05/02/2005",1158.6599,1199.5601,1146.1799,1191.5,892,2005-05-02
"426",426,"06/01/2005",1191.5,1219.5901,1188.2998,1191.3298,897,2005-06-01
"427",427,"07/01/2005",1194.8999,1245.1499,1183.5498,1234.1799,847,2005-07-01
"428",428,"08/01/2005",1237.8401,1245.8601,1201.0701,1220.3301,892,2005-08-01
"429",429,"09/01/2005",1219.9199,1243.1299,1205.3499,1228.8098,966,2005-09-01
"430",430,"10/03/2005",1229.5701,1233.3401,1168.1999,1207.0098,1072,2005-10-03
"431",431,"11/01/2005",1204.9399,1270.6399,1201.0698,1249.48,983,2005-11-01
"432",432,"12/01/2005",1256.6001,1275.8001,1246.5898,1248.2898,896,2005-12-01
"433",433,"01/03/2006",1255.4499,1294.8999,1245.74,1280.0798,1102,2006-01-03
"434",434,"02/01/2006",1278.1001,1297.5701,1253.6099,1280.6599,932,2006-02-01
"435",435,"03/01/2006",1283.1699,1310.8799,1268.4199,1294.8298,1157,2006-03-01
"436",436,"04/03/2006",1301.6799,1318.1599,1280.74,1310.6099,994,2006-04-03
"437",437,"05/01/2006",1314.54,1326.6999,1245.3398,1270.0898,1196,2006-05-01
"438",438,"06/01/2006",1270.0801,1290.6799,1219.2898,1270.1999,1164,2006-06-01
"439",439,"07/03/2006",1275.1399,1280.4199,1224.5398,1276.6599,1044,2006-07-03
"440",440,"08/01/2006",1272.4399,1306.74,1261.2998,1303.8198,1083,2006-08-01
"441",441,"09/01/2006",1309.5901,1340.28,1290.9299,1335.8499,1065,2006-09-01
"442",442,"10/02/2006",1335.8201,1389.4499,1327.0999,1377.9399,1203,2006-10-02
"443",443,"11/01/2006",1381.9499,1407.8899,1360.98,1400.6299,1128,2006-11-01
"444",444,"12/01/2006",1401.6699,1431.8101,1385.9299,1418.2998,996,2006-12-01
"445",445,"01/03/2007",1419.3601,1441.6101,1403.97,1438.24,1242,2007-01-03
"446",446,"02/01/2007",1441.9099,1461.5701,1389.4199,1406.8198,1067,2007-02-01
"447",447,"03/01/2007",1387.72,1438.8899,1363.98,1420.8599,1342,2007-03-01
"448",448,"04/02/2007",1423.72,1498.02,1416.3699,1482.3699,1186,2007-04-02
"449",449,"05/01/2007",1484.3799,1535.5601,1476.6999,1530.6199,1307,2007-05-01
"450",450,"06/01/2007",1536.73,1540.5601,1484.1799,1503.3499,1327,2007-06-01
"451",451,"07/02/2007",1512.3401,1555.8999,1454.22,1455.2698,1429,2007-07-02
"452",452,"08/01/2007",1453.1999,1503.4099,1370.5999,1473.99,1756,2007-08-01
"453",453,"09/04/2007",1472.3601,1538.74,1439.2898,1526.75,1162,2007-09-04
"454",454,"10/01/2007",1527.26,1576.0901,1489.5598,1549.3799,1467,2007-10-01
"455",455,"11/01/2007",1531.6101,1545.79,1406.0999,1481.1399,1691,2007-11-01
"456",456,"12/03/2007",1478.22,1523.5701,1435.6499,1468.3599,1240,2007-12-03
"457",457,"01/02/2008",1468.3001,1471.77,1270.0498,1378.5498,1950,2008-01-02
"458",458,"02/01/2008",1381.72,1396.02,1316.75,1330.6299,1591,2008-02-01
"459",459,"03/03/2008",1329.6799,1359.6799,1256.98,1322.6999,1785,2008-03-03
"460",460,"04/01/2008",1340.9399,1404.5701,1324.3499,1385.5898,1662,2008-04-01
"461",461,"05/01/2008",1384.23,1440.24,1373.0698,1400.3799,1564,2008-05-01
"462",462,"06/02/2008",1395.74,1404.0501,1272,1280,1869,2008-06-02
"463",463,"07/01/2008",1266.79,1292.1699,1200.4399,1267.3799,2177,2008-07-01
"464",464,"08/01/2008",1270.52,1313.1499,1247.4499,1282.8298,1686,2008-08-01
"465",465,"09/02/2008",1298.3301,1303.04,1106.3899,1166.3601,2640,2008-09-02
"466",466,"10/01/2008",1154.6999,1167.03,839.7998,968.75,3123,2008-10-01
"467",467,"11/03/2008",968.24,1007.51,741.0198,896.24,2217,2008-11-03
"468",468,"12/01/2008",870.24,918.8501,815.6899,903.25,1817,2008-12-01
"469",469,"01/02/2009",904.6101,943.8501,804.2998,825.8799,2085,2009-01-02
"470",470,"02/02/2009",815.1101,875.01,734.5198,735.0898,2397,2009-02-02
"471",471,"03/02/2009",719.75,832.98,666.7898,797.8699,3238,2009-03-02
"472",472,"04/01/2009",785.01,888.6999,783.3198,872.8098,2763,2009-04-01
"473",473,"05/01/2009",873,930.1699,866.0998,919.1399,2509,2009-05-01
"474",474,"06/01/2009",932.4199,956.23,888.8599,919.3198,2223,2009-06-01
"475",475,"07/01/2009",925.03,996.6799,869.3198,987.48,2259,2009-07-01
"476",476,"08/03/2009",998.22,1039.47,978.5098,1020.6199,2265,2009-08-03
"477",477,"09/01/2009",1015.8799,1080.1499,991.97,1057.0798,2244,2009-09-01
"478",478,"10/01/2009",1052.8001,1101.3601,1019.9499,1036.1899,2220,2009-10-01
"479",479,"11/02/2009",1040.8001,1113.6899,1029.3799,1095.6299,1663,2009-11-02
"480",480,"12/01/2009",1098.8899,1130.3799,1085.8899,1115.0999,1854,2009-12-01
"481",481,"01/04/2010",1116.5601,1150.4499,1071.5898,1073.8699,1948,2010-01-04
"482",482,"02/01/2010",1073.8899,1112.4199,1044.5,1104.49,1747,2010-02-01
"483",483,"03/01/2010",1105.3601,1180.6899,1105.3599,1169.4299,2112,2010-03-01
"484",484,"04/01/2010",1171.23,1219.8001,1170.6899,1186.6899,2282,2010-04-01
"485",485,"05/03/2010",1188.5801,1205.1299,1040.7798,1089.4099,2612,2010-05-03
"486",486,"06/01/2010",1087.3001,1131.23,1028.3301,1030.71,2192,2010-06-01
"487",487,"07/01/2010",1031.1001,1120.9499,1010.9099,1101.6001,1941,2010-07-01
"488",488,"08/02/2010",1107.53,1129.9399,1039.6999,1049.3301,1760,2010-08-02
"489",489,"09/01/2010",1049.72,1157.1599,1049.72,1141.1999,1639,2010-09-01
"490",490,"10/01/2010",1143.49,1196.1399,1131.8701,1183.26,1869,2010-10-01
"491",491,"11/01/2010",1185.71,1227.0801,1173,1180.5501,1708,2010-11-01
"492",492,"12/01/2010",1186.6001,1262.6001,1186.6001,1257.6399,1654,2010-12-01
"493",493,"01/03/2011",1257.6201,1302.6699,1257.6201,1286.1201,1832,2011-01-03
"494",494,"02/01/2011",1289.1399,1344.0701,1289.1399,1327.22,1554,2011-02-01
"495",495,"03/01/2011",1328.6399,1332.28,1249.0501,1325.8301,1854,2011-03-01
"496",496,"04/01/2011",1329.48,1364.5601,1294.6999,1363.6101,1476,2011-04-01
"497",497,"05/02/2011",1365.21,1370.5801,1311.8001,1345.1999,1425,2011-05-02
"498",498,"06/01/2011",1345.1999,1345.1999,1258.0701,1320.6399,1513,2011-06-01
"499",499,"07/01/2011",1320.6399,1356.48,1282.8601,1292.28,1385,2011-07-01
"500",500,"08/01/2011",1292.5901,1307.3799,1101.54,1218.8899,2610,2011-08-01
"501",501,"09/01/2011",1219.1201,1229.29,1114.22,1131.4199,1903,2011-09-01
"502",502,"10/03/2011",1131.21,1292.6599,1074.77,1253.3001,1760,2011-10-03
"503",503,"11/01/2011",1251,1277.5501,1158.6599,1246.96,1509,2011-11-01
"504",504,"12/01/2011",1246.9099,1269.3701,1202.3701,1257.6001,1322,2011-12-01
"505",505,"01/03/2012",1258.8601,1333.47,1258.8601,1312.4099,1303,2012-01-03
"506",506,"02/01/2012",1312.4499,1378.04,1312.4499,1365.6799,1215,2012-02-01
"507",507,"03/01/2012",1365.8999,1419.1499,1340.03,1408.47,1368,2012-03-01
"508",508,"04/02/2012",1408.47,1422.3799,1357.3799,1397.9099,1223,2012-04-02
"509",509,"05/01/2012",1397.8601,1415.3201,1291.98,1310.3301,1417,2012-05-01
"510",510,"06/01/2012",1309.8701,1363.46,1266.74,1362.1599,1375,2012-06-01
"511",511,"07/02/2012",1362.3301,1391.74,1325.4099,1379.3201,1213,2012-07-02
"512",512,"08/01/2012",1379.3201,1426.6799,1354.6499,1406.5801,1102,2012-08-01
"513",513,"09/04/2012",1406.54,1474.51,1396.5601,1440.6699,1113,2012-09-04
"514",514,"10/01/2012",1440.8999,1470.96,1403.28,1412.1599,1114,2012-10-01
"515",515,"11/01/2012",1412.1999,1434.27,1343.3501,1416.1799,1167,2012-11-01
"516",516,"12/03/2012",1416.3401,1448,1398.1101,1426.1899,1106,2012-12-03
"517",517,"01/02/2013",1426.1899,1509.9399,1426.1899,1498.1101,1163,2013-01-02
"518",518,"02/01/2013",1498.1101,1530.9399,1485.01,1514.6799,1058,2013-02-01
"519",519,"03/01/2013",1514.6799,1570.28,1501.48,1569.1899,1072,2013-03-01
"520",520,"04/01/2013",1569.1799,1597.5701,1536.03,1597.5701,1216,2013-04-01
"521",521,"05/01/2013",1597.5501,1687.1799,1581.28,1630.74,1169,2013-05-01
"522",522,"06/03/2013",1631.71,1654.1899,1560.3301,1606.28,1246,2013-06-03
"523",523,"07/01/2013",1609.78,1698.78,1604.5701,1685.73,1119,2013-07-01
"524",524,"08/01/2013",1689.4199,1709.6699,1627.47,1632.97,1008,2013-08-01
"525",525,"09/03/2013",1635.9499,1729.86,1633.4099,1681.55,1041,2013-09-03
"526",526,"10/01/2013",1682.41,1775.22,1646.47,1756.54,1168,2013-10-01
"527",527,"11/01/2013",1758.7,1813.55,1746.2,1805.81,966,2013-11-01
"528",528,"12/02/2013",1806.55,1849.44,1767.99,1848.36,1057,2013-12-02
"529",529,"01/02/2014",1845.86,1850.84,1770.45,1782.59,1174,2014-01-02
"530",530,"02/03/2014",1782.68,1867.92,1737.92,1859.45,1077,2014-02-03
"531",531,"03/03/2014",1857.68,1883.97,1834.44,1872.34,1147,2014-03-03
"532",532,"04/01/2014",1873.96,1897.28,1814.36,1883.95,1170,2014-04-01
"533",533,"05/01/2014",1884.39,1924.03,1859.79,1923.57,970,2014-05-01
"534",534,"06/02/2014",1923.87,1968.17,1915.98,1960.23,1018,2014-06-02
"535",535,"07/01/2014",1962.29,1991.39,1930.67,1930.67,1007,2014-07-01
"536",536,"08/01/2014",1929.8,2005.04,1904.78,2003.37,865,2014-08-01
"537",537,"09/02/2014",2004.07,2019.26,1964.04,1972.29,1051,2014-09-02
"538",538,"10/01/2014",1971.44,2018.19,1820.66,2018.05,1397,2014-10-01
"539",539,"11/03/2014",2018.21,2075.76,2001.01,2067.56,930,2014-11-03
"540",540,"12/01/2014",2065.78,2093.55,1972.56,2058.9,1236,2014-12-01
"541",541,"01/02/2015",2058.9,2072.36,1988.12,1994.99,1205,2015-01-02
"542",542,"02/02/2015",1996.67,2119.59,1980.9,2104.5,1034,2015-02-02
"543",543,"03/02/2015",2105.23,2117.52,2039.69,2067.89,1302,2015-03-02
"544",544,"04/01/2015",2067.63,2125.92,2048.38,2085.51,1115,2015-04-01
"545",545,"05/01/2015",2087.38,2134.72,2067.93,2107.39,1017,2015-05-01
"546",546,"06/01/2015",2108.64,2129.87,2056.32,2063.11,1235,2015-06-01
"547",547,"07/01/2015",2067,2132.82,2044.02,2103.84,1218,2015-07-01
"548",548,"08/03/2015",2104.49,2112.66,1867.01,1972.18,1450,2015-08-03
"549",549,"09/01/2015",1970.09,2020.86,1871.91,1920.03,1529,2015-09-01
"550",550,"10/01/2015",1919.65,2094.32,1893.7,2079.36,1441,2015-10-01
"551",551,"11/02/2015",2080.76,2116.48,2019.39,2080.41,1180,2015-11-02
"552",552,"12/01/2015",2082.93,2104.27,1993.26,2043.94,1415,2015-12-01
"553",553,"01/04/2016",2038.2,2038.2,1812.29,1940.24,1626,2016-01-04
"554",554,"02/01/2016",1936.94,1962.96,1810.1,1932.23,1583,2016-02-01
"555",555,"03/01/2016",1937.09,2072.21,1937.09,2059.74,1466,2016-03-01
"556",556,"04/01/2016",2056.62,2111.05,2033.8,2065.3,1315,2016-04-01
"557",557,"05/02/2016",2067.17,2103.48,2025.91,2096.96,1250,2016-05-02
"558",558,"06/01/2016",2093.94,2120.55,1991.68,2098.86,1469,2016-06-01
"559",559,"07/01/2016",2099.34,2177.09,2074.02,2173.6,1144,2016-07-01
"560",560,"08/01/2016",2173.15,2193.81,2147.58,2170.95,1145,2016-08-01
"561",561,"09/01/2016",2171.33,2187.87,2119.12,2168.27,1302,2016-09-01
"562",562,"10/03/2016",2164.33,2169.6,2114.74,2126.15,1168,2016-10-03
"563",563,"11/01/2016",2128.68,2214.1,2083.79,2198.81,1390,2016-11-01
"564",564,"12/01/2016",2200.17,2277.53,2187.44,2238.83,4001,2016-12-01
"565",565,"01/03/2017",2251.57,2300.99,2245.13,2278.87,4269,2017-01-03
"566",566,"02/01/2017",2285.59,2371.54,2271.65,2363.64,4074,2017-02-01
"567",567,"03/01/2017",2380.13,2400.98,2322.25,2362.72,4726,2017-03-01
"568",568,"04/03/2017",2362.34,2398.16,2328.95,2384.2,3774,2017-04-03
"569",569,"05/01/2017",2388.5,2418.71,2352.72,2411.8,4465,2017-05-01
"570",570,"06/01/2017",2415.65,2453.82,2405.7,2423.41,4856,2017-06-01
"571",571,"07/03/2017",2431.39,2484.04,2407.7,2470.3,3844,2017-07-03
"572",572,"08/01/2017",2477.1,2490.87,2417.35,2471.65,4058,2017-08-01
"573",573,"09/01/2017",2474.42,2519.44,2446.55,2519.36,3945,2017-09-01
"574",574,"10/02/2017",2521.2,2582.98,2520.4,2575.26,4320,2017-10-02
"575",575,"11/01/2017",2583.21,2657.74,2557.45,2647.58,4341,2017-11-01
"576",576,"12/01/2017",2645.1,2694.97,2605.52,2673.61,3913,2017-12-01
"577",577,"01/02/2018",2683.73,2872.87,2682.36,2823.81,4702,2018-01-02
"578",578,"02/01/2018",2816.45,2835.96,2532.69,2713.83,4968,2018-02-01
"579",579,"03/01/2018",2715.22,2801.9,2585.89,2640.87,4952,2018-03-01
"580",580,"04/02/2018",2633.45,2717.49,2553.8,2648.05,4434,2018-04-02
"581",581,"05/01/2018",2643.64,2742.24,2594.62,2705.27,4439,2018-05-01
"582",582,"06/01/2018",2718.7,2791.47,2691.99,2718.37,4686,2018-06-01
"583",583,"07/02/2018",2704.95,2848.03,2698.95,2816.29,4096,2018-07-02
"584",584,"08/01/2018",2821.17,2916.5,2796.34,2901.52,4200,2018-08-01
"585",585,"09/04/2018",2896.96,2940.91,2864.12,2913.98,3991,2018-09-04
"586",586,"10/01/2018",2926.29,2939.86,2603.54,2711.74,5869,2018-10-01
"587",587,"11/01/2018",2717.58,2815.15,2631.09,2760.17,5052,2018-11-01
"588",588,"12/03/2018",2790.5,2800.18,2346.58,2506.85,5262,2018-12-03
"589",589,"01/02/2019",2476.96,2708.95,2443.96,2704.1,5168,2019-01-02
"590",590,"02/01/2019",2702.32,2813.49,2681.83,2784.49,4141,2019-02-01
"591",591,"03/01/2019",2798.22,2860.31,2722.27,2834.4,4608,2019-03-01
"592",592,"04/01/2019",2848.63,2949.52,2848.63,2945.83,4100,2019-04-01
"593",593,"05/01/2019",2952.33,2954.13,2750.52,2752.06,4429,2019-05-01
"594",594,"06/03/2019",2751.53,2964.15,2728.81,2941.76,4024,2019-06-03
"595",595,"07/01/2019",2971.41,3027.98,2952.22,2980.38,3859,2019-07-01
"596",596,"08/01/2019",2980.32,3013.59,2822.12,2926.46,4418,2019-08-01
"597",597,"09/03/2019",2909.01,3021.99,2891.85,2976.74,3803,2019-09-03
"598",598,"10/01/2019",2983.69,3050.1,2855.94,3037.56,4110,2019-10-01
"599",599,"11/01/2019",3050.72,3154.26,3050.72,3140.98,3687,2019-11-01
"600",600,"12/02/2019",3143.85,3247.93,3070.33,3230.78,3675,2019-12-02
"601",601,"01/02/2020",3244.67,3337.77,3214.64,3225.52,4164,2020-01-02
"602",602,"02/03/2020",3235.66,3393.52,2855.84,2954.22,4525,2020-02-03
"603",603,"03/02/2020",2974.28,3136.72,2191.86,2584.59,9533,2020-03-02
"604",604,"04/01/2020",2498.08,2954.86,2447.49,2912.43,7118,2020-04-01
"605",605,"05/01/2020",2869.09,3068.67,2766.64,3044.31,6141,2020-05-01
"606",606,"06/01/2020",3038.78,3233.13,2965.66,3100.29,7227,2020-06-01
"607",607,"07/01/2020",3105.92,3279.99,3101.17,3271.12,5449,2020-07-01
"608",608,"08/03/2020",3288.26,3514.77,3284.53,3500.31,4613,2020-08-03
"609",609,"09/01/2020",3507.44,3588.11,3209.45,3363,5523,2020-09-01
"610",610,"10/01/2020",3385.87,3482.34,3323.69,3477.13,1569,2020-10-01
